"Status","Population","Life.expectancy","Adult.Mortality","Alcohol","BMI","infant.deaths","Measles","Polio","Hepatitis.B","GDP","Total.expenditure","Diphtheria","thinness..1.19.years","HIV.AIDS"
0,5945747,73.9,157,3.58,52.4,2,0,99,98,1847.19849,8.43,98,1.8,0.1
0,4153332,62,329,1.23,14.7,6,55,91,91,317.3294336,3.29,91,9.2,1.3
0,4488263,79.2,96,4.07,54.4,1,0,8,87,689.396224,9.69,86,1.9,0.1
0,1158897,51.4,477,4.87,28.9,3,1,89,9,2842.438422,8.19,88,6.1,40.2
0,25121796,61.2,263,1.64,26.1,40,120,91,91,1574.978653,4.81,91,6.9,1.3
0,19126637,73.3,159,7.19,49.4,65,0,99,99,7313.557962,8.28,99,3.1,0.1
0,46392,63,26,0.01,3.1,8,14,84,84,1326.66882,3.77,84,8,0.9
0,17731634,63,232,0.01,18.1,49,272,71,71,391.515524,6.11,71,1.3,0.7
0,19228,69.1,197,1.56,16.1,6,35,97,62,174.6692,4.28,97,15.4,0.1
0,813526,66.8,221,4.42,18.7,68,7003,77,42,1.68135,2.79,79,1,0.1
0,3781287,75.5,99,4.25,49.9,0,28,87,36,265.642661,9.4,84,3,0.1
0,14386649,54.9,464,6,29.9,28,0,93,94,839.927936,6.31,93,6.8,13.3
0,1242216,76.6,122,5.26,62.8,31,3,87,84,1452.27766,6.3,87,1.6,0.1
0,6859482,58.9,294,0.01,22.6,14,238,84,84,563.6894247,5.11,84,7,1.7
0,16425578,58.2,252,0.12,17.3,50,372,75,7,348.151511,6.36,7,1.7,0.9
0,333,75,88,1.62,18.7,0,47,98,98,4428.522898,7.37,98,14.3,0.1
0,1952,73.8,145,1.96,17.2,4,0,98,98,1448.7611,4.6,98,15.4,0.1
0,122843,53.6,459,4.93,29.7,2,313,89,89,369.239336,8.47,89,5.4,21.6
0,28323241,69.6,158,0.01,18.5,18,1279,92,92,76.2386977,5.8,92,15.9,0.1
0,26346251,61.9,254,0.01,27.3,38,319,91,9,1814.492297,4.63,9,6.6,0.9
1,2882982,72.9,154,10.6,55,3,353,96,99,8214.185378,5.21,96,3.2,0.1
1,3415213,71.6,22,11.29,57.8,0,1,91,95,555.535669,6.46,94,3.2,0.1
1,4677355,82,61,9.35,64.8,1,1204,97,96,28562.29324,9.39,97,0.6,0.1
0,39697,59.4,34,1.07,13.9,7,19,96,96,276.75896,2.97,96,9.4,1.6
1,53946,81.1,7,11.34,6.1,0,2,99,94,16749.136,7.18,99,0.9,0.1
0,372284,76.4,94,4.54,53.1,0,45,9,89,4611.47298,9.58,89,2.6,0.1
1,8227829,79.4,85,12.4,52.7,0,9,86,86,38242.4252,1.53,86,1.7,0.1
0,42486839,61.2,278,1.8,19.5,60,2395,97,96,987.4453967,5.23,96,8.1,3.4
0,15627618,54.1,441,1.23,18,32,26,97,97,512.125451,11.67,97,6.7,11.2
0,18563,69,18,1.21,41.1,0,9,67,7,1469.849149,3.28,71,1.7,0.1
0,36482,76.8,92,4.61,54.2,0,22,87,92,4716.673325,9.94,92,2.5,0.1
0,539614,68.5,186,0.99,47.2,0,0,99,99,1642.837974,5.8,99,1.2,0.1
0,68416772,74.6,152,6.41,32.4,8,0,99,99,5941.8471,4.12,99,7.8,0.1
0,281721,75,138,3.55,5.5,1,0,94,94,4682.728424,5.3,94,1.8,0.5
0,9663915,68.1,252,11.01,56.7,1,1,98,99,3126.71767,6.89,99,2.3,0.1
0,5155896,65.4,29,0.3,19.8,49,190,9,92,987.7365832,1.92,9,13.1,0.5
0,3362755,76.6,118,6.67,6.7,0,0,95,95,9415.17386,8.78,95,1.5,0.1
0,2927519,76.1,91,5.79,53.5,1,0,98,98,4114.136545,5.79,98,1.5,0.1
0,184339,46.4,693,5.51,31.6,2,59,96,9,4163.6596,4.65,96,1.9,31.9
0,31372,66,223,0.01,24.2,8,127,71,42,697.7451989,4.21,71,9.8,1.3
0,1527156,71.3,189,2.02,48.6,11,0,94,96,3299.65139,6.33,96,1.2,0.4
0,26226,68.5,199,4.99,42,0,0,93,97,3556.561825,4.38,89,3.7,0.1
0,3312665,61.2,219,0.02,25.5,8,11,75,74,113.3128,3.54,75,9.4,1.3
0,2937,69.9,165,0.88,44.9,0,3,67,61,1886.433359,3.87,68,1.6,0.1
1,42187645,79.4,83,12.09,59.3,2,256,99,81,21495.7741,7.99,98,0.6,0.1
0,182889,66.9,194,0.01,28.5,0,0,96,96,138.949959,8.6,96,5.9,0.5
0,773628,75.5,17,1.45,65.3,16,565,96,96,12127.22522,5.41,96,4.9,0.1
0,1373513,65.6,2,0.28,22.7,20,46,83,91,136.4518,4.31,91,1,0.4
0,3339741,75.4,124,6.67,59.5,1,0,94,94,79.69746,8.23,94,1.6,0.1
1,223424,82,63,10.3,64.4,1,190,92,92,62245.129,9.2,92,0.6,0.1
0,447469,62.9,286,0.62,16.5,6,48,96,96,582.775532,3.6,96,8.8,0.7
0,6473164,71.4,192,5.93,2.2,16,10315,97,95,296.54617,3.7,96,9.2,0.7
0,9865548,67.2,262,12.23,55.3,1,14,99,99,1479.383142,6.47,99,2.5,0.1
0,1341588,78,174,6.7,44,0,0,91,92,19152.531,5.78,92,5.9,0.4
0,9371338,72.3,178,6.2,49.3,7,0,88,84,3836.468771,4.34,89,3.5,1.8
0,7451,68.3,225,0.23,21.1,0,10,95,95,2458.45976,4.73,95,16.3,0.5
0,12798763,53.6,29,0.55,18,57,33,78,83,487.942556,6.34,77,9.9,1.9
0,3385624,77,111,5.97,61.8,0,0,95,95,14166.4998,8.55,95,1.5,0.1
0,26214847,66.6,194,0.2,14.9,29,1415,82,82,393.8843518,5.84,82,17.2,0.2
0,527612,74.9,97,1.29,64.9,1,1761,75,81,846.285153,6.63,81,4.8,0.1
0,6576877,65.2,182,0.36,32.5,11,2144,82,58,236.314438,4.46,85,4,0.3
0,161468,48.4,536,7.19,25.9,3,10,87,83,1637.4567,5.26,84,9.4,46.4
1,2141669,72.6,184,9.85,58.5,0,0,94,92,12219.37379,6.84,94,2.3,0.1
0,82341,67.8,154,0.55,43.6,7,1978,79,51,883.6439965,6.56,77,3,0.1
0,2115164,63.3,248,1.03,18,32,1,7,7,412.739341,4.86,7,7.6,0.5
0,848455,69.2,154,0.85,45.3,6,222,8,52,2473.85776,6.17,78,2.9,0.1
0,369543,62,214,0.01,27.4,8,1292,52,64,123.383675,3.28,64,8.7,1.2
1,297555,72.8,18,9.8,58.9,0,0,92,91,11326.21947,6.55,92,2.2,0.1
1,1376133,78.3,95,11.28,59.4,0,44,96,64,3743.95693,9.3,95,0.8,0.1
0,393986,77.6,119,6.74,57.1,1,0,8,8,12593.7374,8.3,8,1.9,0.1
0,12777511,44.3,723,4.36,27.1,27,31,67,68,454.366654,7.13,65,9.4,33.6
0,683475,71.2,23,2.83,5.8,2,0,99,99,334.83817,6.32,99,1.8,0.3
0,29585,72.9,141,4.01,49.2,1,137,87,78,2158.299,4.58,87,2,0.1
1,1289898,76.6,11,11.89,5.1,1,45,96,58,1152.39681,9.14,96,0.8,0.1
0,134681,73,188,16.58,55.9,0,27,95,95,12595.4165,5.1,95,2.1,0.1
1,7395599,73.4,147,10.8,62.7,1,22004,94,95,6843.263289,7.24,94,2,0.1
0,312,73.4,16,1.6,17.3,0,37,96,97,3853.33348,5.89,96,14.5,0.1
0,129597,58.4,382,0.01,31.8,2,0,98,98,3464.35169,9.25,98,4.3,7.3
0,2369897,72.7,144,0.53,27,4,2198,95,95,3915.11546,3.4,96,9.7,0.1
0,183526,72.5,146,3.97,71.4,0,0,54,12,359.82223,4.52,26,0.2,0.1
0,126934,74.2,148,0.01,32.8,0,0,98,97,1153.93822,4.81,97,7,0.1
0,656639,65,254,0.73,16.7,1,11,95,95,1247.61392,5.28,95,17.8,0.3
0,12916229,64.3,212,0.28,21.7,21,428,76,89,11.631377,4.62,89,1.4,0.4
0,119917,76.1,124,5.3,6.8,34,3,97,98,9834.472689,6.4,97,1.6,0.1
0,821817,68.3,214,2.02,55.1,0,0,97,99,3658.63832,3.61,96,4.1,0.1
0,4499653,49.9,451,0.01,21.6,16,596,23,23,337.4849614,3.82,23,8.5,5.1
0,38833338,61.5,38,0.01,18.1,68,314,82,78,719.172669,7.22,78,5.7,3.2
0,14928,66.1,195,2.13,15.9,15,4779,95,92,738.2326684,6.36,94,11.1,0.6
0,329174,75.5,126,5.52,48.6,1,0,95,98,4267.13578,7.6,98,2.2,0.1
0,4717.99,53.7,497,6.96,42.9,55,830,73,76,4863.51688,7.93,74,12.6,29.7
1,969611,82.3,54,7.3,59,0,26,98,67,5918.19898,11.93,98,1.5,0.1
0,853625,57,415,7.82,14.1,31,2738,85,88,196.59778,4.18,88,7.2,8
0,16332974,64.4,178,0.03,2.1,367,2801,75,75,95.4327931,3.35,75,2.8,0.1
0,19222,79,81,8.09,58.6,1,5,92,91,1411.31339,8.72,92,0.8,0.1
0,119591,66.9,163,0.1,15.5,2,50,72,72,849.8626972,0.92,72,11.5,0.1
1,441525,78,96,12.89,54.6,0,0,99,86,48179.4285,7.4,99,1,0.1
0,2469286,64,271,1.31,4.5,2,18,98,98,646.561295,6.18,98,2.4,0.1
1,168658,81.7,58,0.01,61.6,1,140,96,92,52157.4687,1.9,96,1,0.1
0,259167,65.9,26,3.79,43.9,2,12,99,98,1634.81431,5.6,95,2.2,0.1
0,48115,63.7,245,2.71,41.3,6,48,98,98,2136.66815,2.9,98,3.3,0.1
0,2364851,56.7,295,0.01,13.4,87,798,41,65,198.7285436,8.82,41,19.7,0.1
0,83723,72.1,186,11.15,28.1,0,0,99,99,8331.261997,4.21,99,6.1,0.1
0,817789,69.3,163,0.01,39,10,1,97,96,14.214412,6.75,96,3.6,0.2
1,57685327,89,66,8.98,57.6,2,599,97,96,31174.56118,8.49,94,0.5,0.1
0,295195,76.6,88,5.37,55.1,0,28,99,99,4437.17868,5.71,99,1.4,0.1
0,75946,65,238,7.35,39,1,0,93,93,198.455216,5.83,93,5.7,1.8
0,1639931,74.8,12,1.28,56.5,3,1,98,98,414.15177,6.54,98,6.3,0.1
0,17613798,83,83,7.16,63.1,2,0,95,95,14817.37778,7.79,95,0.8,0.1
0,1428588,67.3,282,12.19,56.1,16,173,98,98,911.25385,5.38,98,2.4,0.3
0,48795,72.1,129,4.25,24.9,0,0,97,95,234.28992,5.11,96,8.3,0.6
0,5287488,72.1,129,0.54,55.5,4,19,95,95,1812.288374,9.68,95,3.9,0.1
1,111267,79.5,59,11.32,57.8,0,18,99,96,3818.46396,7.23,99,0.9,0.1
0,16667,57.2,27,0.01,21.9,53,341,72,66,777.3476868,6.47,66,8.3,1.5
0,383239,62.5,29,0.01,28.8,8,35,8,8,1364.283745,3.36,8,8.3,1.2
0,27568436,51.3,485,9.89,14.2,104,141,58,62,288.236949,8.9,62,6.6,8.9
0,1777567,71,179,7.13,44.5,103,1,99,91,3146.95177,7.19,98,3.4,0.1
0,2419776,63.2,266,2.87,39.1,2,10677,95,95,524.145924,5.45,95,2.5,0.1
0,11281469,58.4,288,0.01,21.7,28,6,63,62,52.3485646,5.39,62,7.8,1.9
0,165566,68.5,224,6.63,49.9,7,127,99,99,11634.42422,4.6,99,2.3,0.1
0,26143566,73.6,134,0.42,31.6,3,564,95,95,6222.982955,3.65,95,8.8,0.1
0,66881867,73.7,16,5.88,26.8,11,6071,99,98,4212.5492,4.11,99,8.3,0.3
0,13379,74.2,167,16.99,56.7,0,0,95,94,1894.5485,6.6,95,2,0.1
0,31731688,59.9,268,0.01,18.1,66,430,62,64,631.744976,8.13,64,17.7,0.1
0,1331475,75.6,137,14.97,57.6,0,0,94,94,14638.6482,6.25,94,1.9,0.1
0,227212,59.9,28,1.25,23.6,41,6,94,94,19.686718,5.3,94,7.7,2.6
1,22728254,82.3,61,10.03,65,1,199,92,91,67677.63477,9.36,92,0.6,0.1
1,4595416,81.3,7,10.24,62.3,2,297,97,97,35578.73619,8.8,97,0.6,0.1
1,1421137,78.8,91,12.05,59.8,1,61,96,64,35589.71295,9.32,95,0.8,0.1
0,87343,64.6,217,0.49,69.7,0,0,96,79,826.58554,9.1,77,0.2,0.1
0,454528,78.1,16,3.58,55.5,1,0,93,89,8199.414621,9.66,88,1.8,0.1
0,8977,72.4,18,6.51,33.5,0,0,99,99,184.68447,3.59,99,5.8,0.1
1,344367,71.4,22,11,57.5,0,103,97,94,4146.987928,6.4,95,3.3,0.1
1,25835,74.4,138,9.58,58.4,2,7450,92,96,8558.39766,5.48,91,2.8,0.1
0,231652,66.1,232,0.01,34.1,3,1028,89,89,5488.131712,8.53,89,9,2.5
1,22442971,77,175,10.16,51.4,4,35,99,98,1668.162731,4.33,99,4,0.1
0,19221,66.6,165,0.09,15.1,2,10,78,72,757.3114436,1.2,72,11.6,0.1
0,9199259,58.7,254,1.33,23,25,392,77,76,757.695974,4.95,76,7.8,1.4
0,689692,61.8,246,0.15,21.6,2,0,82,74,769.1742883,5.82,74,7.1,0.1
0,978169,68,282,6.39,17.1,18,6,97,97,5.6687264,7.66,97,6.7,3.7
0,1768838,57.6,377,0.01,19.2,27,3,87,91,354.7253961,11.38,91,6.5,5.1
0,473398,63.5,238,2.86,4,6,1,98,96,1453.917166,4.3,97,3.4,0.1
0,7463157,73,134,7.42,53.3,1,11,96,89,3331.228766,8.24,88,2.6,0.1
1,23117353,82.5,61,9.87,65.5,1,158,91,91,67792.3386,9.36,91,0.6,0.1
0,652231,71.6,189,6.17,21.7,14,4165,98,96,2659.83918,3.51,98,9,0.5
0,27949944,74.2,134,4.22,49.5,12,0,94,94,3171.49856,4.47,94,1.2,0.4
1,836344,84,75,12.1,55.2,0,52,86,86,46657.629,11.17,86,1.7,0.1
0,59433,73,24,2.97,47,3,0,81,81,248.4125,7.9,81,2,0.4
0,4357,71.7,142,2.72,47,2,199,89,51,779.3845935,8.72,84,2.9,0.1
0,1761467,74.8,13,1.29,57.4,3,11,98,98,4256.91279,7.15,98,6.4,0.1
0,14137,72.8,142,1.24,72.7,0,0,84,82,3547.59975,4.59,82,0.1,0.1
0,1512985,64.7,287,6.55,45.8,8,2204,99,99,2874.288291,3.95,82,2.5,0.1
0,19297929,73.4,158,7.21,5.3,61,0,99,96,8787.61375,8.24,99,3,0.1
0,8657785,74.3,15,3.11,49.3,4,0,97,97,2136.77395,9.15,97,2.2,0.4
0,1165151,65.2,233,0.01,2.1,12,17,98,98,688.8768557,7.69,98,5.9,0.5
0,51313,71.7,133,0.49,54,4,32,94,93,1657.889256,9.65,91,4,0.1
0,23785,78,149,0.83,48.2,0,0,66,62,2643.441423,3.9,66,1.5,0.1
0,182933,48.1,652,4.9,32.2,2,1,96,91,4896.583835,5.56,96,1.5,28.4
0,76236,81.7,61,2.63,63,1,23,95,97,3661.994,7.36,95,1.2,0.1
0,462582,67.7,273,9.46,57.6,5,48,91,84,3891.37823,6.63,9,2.5,0.4
0,15923559,71.7,187,1.88,49.9,10,0,65,73,3687.763767,6.2,73,1.2,0.4
1,2263122,71,26,8.81,56.6,0,0,99,98,6351.8125,6.51,99,2.5,0.1
0,3727,74.5,125,6.13,55.3,1,3188,91,91,4429.6575,7.42,91,2.7,0.1
0,3374415,76.3,118,6.21,61.2,0,0,95,95,11938.212,8.63,95,1.5,0.1
0,36,76.3,75,1.59,21.2,0,6,98,98,597.1659,9.22,98,14.1,0.1
1,3198231,71.1,224,13.3,59.3,0,1,96,96,14961.56818,6.61,96,2.9,0.1
0,2589345,57.3,295,0.03,14.7,84,1990,58,64,272.56377,7.43,58,19.2,0.1
0,27212382,56.7,375,0.01,22.2,61,9,79,79,623.2871141,6.98,79,3.6,4.1
0,3486715,74.1,126,0.46,51.8,20,217,92,91,495.254866,4.2,93,6,0.1
0,138939478,49.2,4,9.71,19.3,556,110927,45,18,87.8938738,4.11,36,12.9,5.4
0,87298,72.3,182,4.94,32.4,0,0,99,99,976.9566,2.64,99,5.8,0.1
0,6712841,65.9,177,0.38,33,11,4,82,81,39.281834,5.7,86,3.9,0.3
0,487137,64.1,241,2.58,42,6,59,98,98,26.371428,2.16,98,3.3,0.1
0,179417,57.8,291,0.2,2.8,29,45,62,64,438.7513346,4.55,64,8.2,2.2
0,35662,77.2,89,4.03,55.3,0,3000,86,89,5193.94932,9.57,86,2.4,0.1
0,63543322,71.2,194,5.92,19.4,17,7319,97,95,1893.145377,3.32,96,9.3,0.8
0,138859,65.6,199,2.24,15.3,16,4211,91,91,745.7877873,5.55,91,11.2,0.7
0,41223889,75.5,121,8.15,59.8,10,17,95,94,1276.265,6.55,94,1,0.1
1,465158,78.8,9,11.84,57,0,0,99,95,8289.69641,7.95,99,1,0.1
0,6854176,65.5,194,0.37,33.5,10,0,79,81,337.359236,5.89,84,3.8,0.3
0,16995583,75.4,124,4.9,55.7,44,64,98,98,7199.59665,6.11,98,1.8,0.1
0,6565979,81.5,83,11.5,61.1,3,0,99,78,4838.2444,11.44,99,0.6,0.1
0,1562974,61.1,314,0.01,22.8,28,9,78,86,1738.8822,4.99,86,6.3,4.3
0,33915133,58.4,362,10.03,16.3,79,1313,79,8,594.9972557,11.2,8,6,8
0,31786,72.7,134,3.03,48.1,1,4,96,93,93.1661567,5.56,94,2,0.1
0,4823384.48,54,496,8.5,44.3,54,81,79,83,5631.73485,7.57,82,1.6,28.1
0,248883232,68.5,183,0.08,24.7,129,15489,84,83,3687.953996,2.9,83,1.5,0.3
0,8149,58.5,39,1.06,14.5,186,1446,61,47,243.326822,4.69,5,11.3,2.8
0,126365852,67.3,19,3.1,17,1100,18668,79,73,1446.98541,4.39,82,26.9,0.2
0,6654576,73.5,162,5.92,25.7,11,7790,99,98,4378.68746,3.92,99,8.5,0.3
0,963652,73.3,161,6.12,51.5,6,0,86,81,511.37937,4.2,82,3.4,1.4
0,146366,79,19,2.21,45.9,13,0,96,95,2794.22189,6.65,95,1.3,0.4
1,82266372,79.8,82,11.5,58.5,3,567,95,86,41814.8191,1.18,96,1.1,0.1
0,3434278,81.5,68,8.2,64.7,2,803,87,7,5282.2176,1.82,87,0.5,0.1
0,12336687,44.6,613,1.08,15.2,43,167,85,84,26.152517,6.35,84,7.6,24.2
0,2145652,66.5,188,0.06,16,182,3825,77,62,747.9817455,2.23,76,11,0.1
1,1998979,74.8,135,0.01,59.9,2,59,94,94,12.27733,5.57,94,2.6,0.1
0,1293859294,68,184,3.07,18.1,957,79563,84,79,1573.11889,4.69,85,26.8,0.2
0,423853,66.2,227,0.7,38.7,0,0,88,83,944.81684,6.44,84,1.4,0.1
0,6261,75.6,11,0.01,6.2,0,0,94,9,6586.71929,7.25,94,1.9,0.1
0,27697912,64.7,249,0.03,53.2,31,474,63,59,2351.812429,3,59,5.4,0.1
0,118675,52.6,46,4.9,29.3,3,26,89,88,332.517125,8.46,88,5.8,33.7
0,498899,71.5,165,4.43,47.5,17,3,83,8,2395.856551,5.96,8,2.5,0.1
0,672888,73.9,158,5.95,27.9,10,2583,99,98,575.32176,3.81,99,8.2,0.2
0,2586435,67.8,183,1.59,37,24,75,99,99,465.1198869,5.11,99,3.2,0.3
0,124621,71.5,179,4.14,26.4,0,0,88,88,3957.51296,4.24,88,7.9,0.1
0,11121341,83,76,9,63.7,0,149,99,95,26917.75898,9.18,99,0.8,0.1
0,611627,60,266,0.24,19.2,2,912,67,68,621.93372,4.32,68,7.5,0.1
0,4476153,49.8,443,1.66,2.7,16,679,47,47,494.336779,3.73,47,8.8,5.8
0,686958,66.5,238,0.16,18,1,11,93,95,1741.142552,5.88,95,17.3,0.3
0,751857,65.3,237,7.93,37.8,1,0,91,9,986.7958173,5.97,9,5.8,2.1
0,1554989,56.8,271,0.61,21.3,54,24,72,66,835.88998,6.59,66,8.5,1.5
0,1522692,67.8,183,0.01,18.2,11,0,66,83,128.419568,5.93,83,11,0.2
0,2955662,54.9,41,9.81,14.8,93,5736,62,64,336.4593923,9.86,64,6.4,8.6
0,22534,75,153,1.18,47.4,0,0,66,61,2697.961375,3.66,67,1.5,0.1
0,122535969,76.6,12,5.23,62.1,32,0,83,82,1298.86766,6.3,83,1.6,0.1
0,129535,69.4,19,5.82,36.8,0,0,94,94,129.51914,5.22,94,6.3,1
0,21929,49.4,566,2.75,29.2,4,0,89,91,923.136931,9.8,91,7.6,18.2
0,159328,64.7,22,5.46,24,0,0,97,75,843.89447,7.84,97,6.9,1.2
0,3546576,74.4,123,0.5,52.8,20,107,94,94,3868.83123,5.36,95,6,0.1
0,746556,65.9,221,7.52,42.4,0,0,95,95,326.281212,6.6,95,5.6,0.4
0,14321676,69.6,237,10.99,58.7,14,2123,98,97,15154.45687,6.88,97,2.3,0.3
0,17462982,81,84,7.2,62.5,2,0,9,9,15941.39722,7.53,91,0.8,0.1
0,6912498,78.8,13,13.63,54.6,3,10000,98,26,22465.64184,9.77,97,0.7,0.1
0,14356911,70,229,10.58,59.3,14,2339,98,97,15543.67653,7.9,97,2.3,0.2
0,66399,62.5,282,0.29,14.9,1,27,89,83,885.6382245,7.75,86,18.6,0.1
0,2571848,48.8,523,10.42,13.6,112,49871,57,29,24.2423229,7.78,57,6.8,10
0,2443659,63.8,263,2.43,39.8,2,1205,98,98,571.51883,5.81,98,2.4,0.1
0,44183,71.8,129,3.28,46,2,50,81,55,691.997711,6.94,8,3.1,0.1
0,744769,73,135,9.6,53.9,1,2,98,65,3528.1318,8.7,98,2.5,0.1
0,876693,56.8,33,4.16,16.1,23,495,94,96,231.1943256,8.82,96,7.7,1.9
1,11182817,87,77,11.77,63,0,39,99,98,4651.38647,1.57,99,1,0.1
0,16477818,57.3,275,0.01,22.5,53,221,7,69,777.659139,6.58,69,8.1,1.6
0,7491,65.6,229,7.56,43.2,0,0,93,93,3439.597513,6.8,93,5.6,0.4
0,615875,74.2,125,4.98,57.2,0,0,92,9,5957.145693,6.74,92,2.1,0.1
0,8697126,71.2,188,6.13,44.1,7,113,71,66,2862.154836,5.59,72,3.8,2.5
0,26962563,62.1,253,0.01,28,37,124,93,98,1432.227943,3.56,98,6.4,0.8
0,9237566,69.7,28,5.71,48.2,7,0,86,87,3681.5993,4.26,87,3.5,2
0,487377,63.5,228,0.44,15.7,66,1329,92,39,219.8156688,1.97,82,13.3,0.5
0,517461,65.6,217,2.55,45,7,0,97,97,5649.978486,1.98,97,3.2,0.1
0,13456417,57.4,368,2.3,2.2,30,26,93,94,1139.11233,4.73,94,6.7,9.1
0,138533,58,363,2.47,2.7,30,15754,8,83,1463.213573,4.41,83,6.7,6.8
0,223614649,65.3,213,0.06,18.2,174,29171,79,64,1148.56996,2.37,71,1.9,0.1
0,62127,75.8,19,0.01,6.7,0,0,94,9,7186.429787,6.43,94,1.8,0.1
1,328115,72.8,18,12.66,6.5,0,7,92,95,14357.73679,6.86,92,2.7,0.1
1,2537875,73.1,159,11.9,55.6,2,12,95,97,1136.47356,5.33,96,3.1,0.1
0,3948125,59.7,272,3.64,24.5,9,2200,71,47,327.42597,11.87,7,7.4,1.8
0,818354,68.1,218,1.63,54.2,0,37,96,99,3332.918533,3.61,95,4.2,0.1
0,9977446,61,288,7.11,17.7,17,5,93,97,539.1538211,7.2,97,6.6,2.8
0,8331954,67.2,217,4.44,19.2,67,10511,85,52,11.553196,3.25,84,1,0.1
0,443958,71.4,167,4.66,46.7,18,1,82,78,2472.197831,5.91,79,2.6,0.1
0,168194,58.1,275,4.51,17.1,42,860,9,91,666.842783,5.17,91,8.8,0.9
0,26616792,57.5,295,0.02,15.2,82,1141,63,63,369.835796,6.73,63,19,0.1
0,4655741,63.4,231,2.88,39.4,7,1,66,97,1283.885977,3.85,83,3.5,0.1
0,18914977,73.7,123,0.97,48.5,8,517,83,83,1762.24617,3.78,8,6.4,0.1
0,13133589,52.2,366,0.64,18.2,46,226,46,39,986.13177,3.42,39,8.8,3.1
0,1255917,63.5,219,0.3,21.2,21,999,83,86,12.566464,4.81,86,1.6,0.5
0,1223957,62.8,225,0.28,2.8,22,6,87,88,11.33678,4.94,88,1.8,0.6
1,398582,78.5,71,6.7,63.9,0,4,94,89,13689.98999,8.6,94,0.7,0.1
0,236159276,67.7,189,0.07,21.3,149,15369,83,82,216.52766,2.81,77,1.7,0.2
0,1396748,74.4,144,3.52,47.9,8,0,92,96,335.786541,5.86,96,1.4,0.3
0,743836,62.2,284,0.01,46.4,10,0,81,68,271.318741,4.55,74,1.3,1
0,24213133,74.8,144,7.32,55.3,44,876,96,96,1226.61731,8.32,93,2.7,0.1
1,41431558,79.5,83,12.26,58.8,2,67,98,82,1719.53541,7.25,98,0.6,0.1
0,692279,54,47,0.01,23.3,23,15,92,92,71.8186998,11.59,92,7.7,0.8
0,167297284,52.7,374,8.54,23.5,505,6447,42,42,2755.297787,3.3,42,1.7,4.4
0,97366774,64.2,234,0.01,17.2,140,12739,75,77,571.1622759,4.88,77,1.5,0.6
0,8947243,78,132,2.1,47.3,6,0,84,74,495.294791,5.85,81,2.8,0.1
0,169735,55.3,42,0.01,18.4,31,11,95,96,374.51882,12.6,96,6.6,8.3
0,827411,68.5,211,2.06,55.9,0,136,98,99,3749.939813,3.84,98,4.1,0.1
1,1522288,78.5,96,13.11,54.9,0,0,97,97,19821.44463,9.67,97,0.7,0.1
0,2798531,69.3,162,0.27,18,19,1861,92,92,688.6172788,5.69,92,16.1,0.1
0,1517448,56.3,288,2.55,22.5,4,0,78,8,544.222779,6.81,8,8.3,6
0,954332,71.1,13,1.98,48,5,0,85,8,5842.85784,5.33,81,2.8,0.1
1,89825,89,69,11.03,61.9,2,443,94,88,4792.65288,11.3,95,1.1,0.1
0,85416253,68,274,1.17,15.3,169,1176,65,56,379.7566385,4.41,58,11.1,2
1,46576897,81.9,64,9.78,63.5,1,302,97,97,3736.228,9.56,97,0.6,0.1
0,14641724,55,388,9.55,2.4,542,2613,54,42,1136.829645,4.47,42,12.3,5.2
1,236755,71,218,7.13,55.4,0,0,96,95,3352.731296,6,96,2.8,0.1
0,4247841,78.6,97,4.1,5.3,1,1,91,9,4697.11135,7.74,91,2,0.1
0,3574931,53,432,1.43,15.9,72,20,73,73,458.8843551,4.29,73,8.7,13.2
1,11128246,83,78,10.08,62.6,0,109,99,98,4474.5717,1.54,99,0.9,0.1
0,169711,62.8,289,8.9,34.1,2,2,75,75,1716.2258,3.12,75,6.4,6
0,51448196,66.2,22,0.7,22.1,42,1010,76,75,1168.83947,2.16,75,12.9,0.4
1,821197,79.9,8,11.36,59,2,917,95,87,45699.19832,1.39,96,1.1,0.1
0,153884,65,295,7.08,46.8,8,109,99,99,5291.57565,3.73,99,2.4,0.1
0,552216,72.5,173,3.83,47.9,3,0,93,93,1344.31871,6.91,93,2,0.2
0,112482,74.2,14,1.37,52.2,3,15,98,97,3194.562243,5.57,98,6.4,0.1
0,3565716,75.3,125,5.38,54.2,8,0,71,88,6583.116248,5.23,88,1.1,0.1
0,6127837,73,155,5.39,45.6,3,0,81,85,2599.596259,9.14,85,2.1,0.1
1,569741,79.8,75,9.69,55.7,2,0,96,95,24.819,8.11,93,0.5,0.1
0,1286712,59.7,252,0.01,25.2,25,786,74,78,943.686575,4.59,78,7.1,1.1
0,45855482.88,54.9,459,7.04,41.6,54,1043,7,72,2518.398261,8.9,7,14.5,26.6
1,397282,72.4,188,12.9,6,0,2,95,94,11984.86857,7.9,95,2.8,0.1
0,848931,56.2,338,4.05,15.7,23,305,96,94,24.944652,6.96,94,7.8,2.4
0,389684,75.5,124,5.43,46.9,2,0,95,98,446.372833,7.72,99,2.3,0.1
0,1315372,69.9,185,6.41,4.2,0,0,91,9,21188.11857,4.4,9,6.1,0.3
0,9426,65,212,0.76,72.8,0,0,86,88,1151.555618,1.93,86,0.2,0.1
0,33777915,73.4,132,0.36,49.8,20,944,95,8,3464.6179,3.36,95,6.1,0.1
0,276141,72.8,148,4.44,48.8,13,0,66,94,2754.7829,4.72,77,1.3,0.4
0,13112,74.2,98,3.28,24.9,307,99602,94,91,299.229676,4.52,93,4.8,0.1
0,41572491,71.8,163,4.45,48.2,17,139,83,78,2355.725857,5.67,81,2.5,0.1
1,14559,78.8,64,11.47,55.8,0,0,97,93,27169.99256,6.28,97,0.9,0.1
0,1354493,71.1,171,6.94,46,0,0,94,92,19325.24283,5.93,92,5.8,0.3
1,38165445,75,144,9.5,55.5,2,13,99,98,821.251569,6.2,99,2.3,0.1
0,1152786,57,37,0.47,16.7,46,165,32,24,84.455939,3.31,24,9.6,4.4
1,5731323,79.9,72,9.3,57,2,10982,97,95,27387.2258,8.17,96,0.5,0.1
0,367,76.7,73,1.83,22.1,0,0,97,97,633.79498,7.93,96,14,0.1
0,345274,81.2,7,8.4,64.1,2,99,88,56,47447.4762,11.2,89,0.5,0.1
1,3823364,74.5,145,8.02,54,3,34,98,98,5196.932921,6.32,99,2.5,0.1
0,29894652,74,148,0.2,55.2,32,30328,78,75,3735.144836,4.65,78,5.4,0.1
0,93726624,67.9,218,4.85,22.6,58,6368,78,77,2129.499242,4.37,79,1,0.1
0,12213,71.9,168,4.16,27.5,0,28,98,98,5229.876738,4.29,98,7.8,0.1
0,2594618,66,21,0.2,14.4,31,2838,91,69,348.6314534,5.7,89,17.4,0.2
0,67843979,74.3,154,6.56,3.1,9,5197,99,98,5859.915622,4.17,99,8,0.1
0,175566,75,175,3.43,66.5,0,0,83,89,1555.47451,5.16,85,0.2,0.1
0,1435568,75,127,4.77,54.1,49,0,98,97,716.8219,5.52,97,1.9,0.1
0,32887928,85,74,8.3,62.5,2,101,9,14,44544.5268,9.83,94,0.5,0.1
0,2723137,68,178,0.24,16.4,23,190,83,82,592.1835216,6.43,82,16.7,0.2
0,113517,58.1,29,0.22,21.2,28,11,63,63,459.2912,4.73,63,8,2
0,9864326,73.5,19,1.17,49.7,4,98,96,93,2346.5937,5.32,96,6.5,0.1
0,633472,56.7,336,1.24,2.9,14,425,78,78,499.6468713,6.64,78,7.5,4.3
0,3321245,75.1,131,6.65,55,1,0,92,92,6871.897677,7.82,9,1.8,0.1
0,82475,72.1,186,7.91,29.2,0,0,99,99,1176.65871,4.17,99,6,0.1
0,1893,46.4,587,5.52,26.7,3,37,87,88,1324.996228,5.16,85,8.6,49.9
0,3869346,71,133,0.58,49.9,22,1217,97,95,2191.478567,5.23,97,6.4,0.1
0,8833,72.7,174,0.01,34.8,0,0,98,99,12845.17363,4.8,98,5.7,0.1
0,15945279,71.4,132,0.01,17.7,98,289,97,97,184.56543,2.82,97,18.1,0.1
0,1493469,75,134,3.95,5.7,7,0,88,9,4657.32361,5.9,91,1.3,0.1
0,26167,67.3,192,1.78,37.5,24,737,99,99,546.776852,5.11,99,3.2,0.3
0,14858335,64.4,284,5.75,44.4,8,94,95,95,149.926751,3.47,95,2.6,0.1
0,439737,58.1,329,0.01,26.7,8,34,49,5,458.4651734,1.4,5,6.7,0.9
0,166913,65.4,215,4.36,25.4,0,0,99,99,1126.46212,5.66,99,6.5,0.9
0,311487,73.5,15,5.16,49.9,1,6,97,98,279.142931,6.12,98,1.8,0.1
0,1114899,85,76,8.02,64.3,0,40,99,95,25916.29353,9.77,99,0.8,0.1
0,125128,52,299,0.54,17,59,232,67,79,391.791281,6.25,63,1.3,2.2
0,3717672,62.2,212,0.01,28.1,8,234,73,75,1393.261593,2.87,75,8.5,1.2
0,13124267,45.4,7,4.57,27.9,28,212,71,68,414.796232,5.12,7,8.6,26.8
0,32432,69.1,185,0.01,43,17,0,99,99,197.551233,6.32,99,3,0.1
0,14349528,66.4,3,11.79,55.7,17,1147,98,98,692.194398,5.3,98,2.4,0.3
0,31225881,71.4,128,0.56,5.8,21,2248,95,95,2494.353552,5.48,95,6.4,0.1
1,59379449,82,6,6.98,61.5,2,5189,96,96,38334.68477,9.27,96,0.5,0.1
0,442958,78.9,99,4.22,53.4,1,0,89,89,6911.136136,9.1,9,1.9,0.1
0,71339185,73.9,118,1.4,61.1,23,4,96,94,936.499911,6.8,96,4.9,0.1
0,333465,75.8,122,5.53,5.3,1,0,88,92,4916.54886,7.48,92,2.1,0.1
1,38182222,74.9,143,9.19,55,2,11,99,98,6681.178818,6.19,99,2.4,0.1
0,393,77.9,64,0.01,25.1,0,0,99,99,7112.33575,11.16,99,13.7,0.1
0,75787333,75.2,19,1.41,64.5,17,7405,98,97,12542.93565,5.38,98,4.9,0.1
0,28112289,74.1,131,0.49,35.3,3,73,96,96,971.356987,3.99,96,8.2,0.1
1,1514844,83,81,11.96,59.5,0,23,98,98,2577.4264,9.74,98,0.7,0.1
0,1126135777,64,214,1.2,13,1600,55443,58,6,621.3183767,4.22,63,27.2,0.3
0,4678775,67.7,267,7.99,56.8,5,42724,99,96,233.18831,6.39,98,2.6,0.8
0,26913,68.4,21,5.67,42.6,0,0,95,96,3679.99523,4.53,96,3.6,1.5
0,79665315,66.8,221,4.54,18.3,68,7360,76,45,957.287441,3,79,1,0.1
0,476667.24,53.8,498,8.69,43.6,55,615,75,79,5414.634326,7.77,79,11.6,29.5
1,771686,72.2,157,10.96,59.1,1,0,94,94,3381.57837,7.9,95,2.3,0.1
0,486438,72.3,126,5.28,25.5,0,0,98,96,3112.285712,4.3,98,8.1,0.6
0,14597683,65.1,38,10.47,54.2,21,2072,97,43,21.362386,5.67,96,2.8,0.3
0,779162,48.1,463,0.01,23.8,23,1006,83,83,78.4394757,11.9,83,7.5,0.6
0,419,73.9,128,4.7,48.6,1,1356,82,79,153.57521,8.6,82,2.8,0.1
0,1184366,67.7,158,0.01,16.6,2,4,82,82,117.765674,1.29,82,11.1,0.1
0,83184892,59.8,289,1.13,14.9,177,3511,63,52,325.3825543,4.28,54,11.2,2.4
0,752555,55.8,285,1.35,19.7,25,217,75,73,519.2922847,4.63,73,9.1,2.1
0,24198811,72.9,14,0.49,27.9,4,408,94,95,4167.364387,3.4,94,9.5,0.1
0,39145488,74.9,127,7.53,56.9,11,0,95,88,576.883829,6.85,98,1.1,0.1
0,332713,75.2,123,6.48,55.7,1,0,94,94,6281.37747,7.46,94,1.8,0.1
0,85995,69.1,2,2.25,58.7,0,0,99,99,3651.966784,4.23,99,4,0.1
1,381256,75.3,144,10.9,56.6,2,40,99,98,1126.31852,6.28,99,2.2,0.1
0,438794,78,16,4.15,51.4,1,0,89,88,5245.187372,7.82,89,2,0.1
0,652952,57.4,323,1.21,21.4,14,120,83,83,487.9238913,5.37,83,7.3,3.8
0,16491687,78.9,9,7.39,58.7,2,0,95,92,1526.87746,6.35,96,0.9,0.1
0,9796749,67.7,253,11.17,55.8,1,21,53,56,1819.525644,6.59,5,2.5,0.1
0,48225,67.6,256,4.89,55.4,6,7587,99,48,879.475486,6.25,99,2.9,0.9
0,2917456,74.5,129,0.53,37.4,3,1868,97,97,1779.49641,4.1,97,7.9,0.1
0,13735233,74.2,151,3.54,47.2,8,0,89,92,321.942547,5.87,92,1.4,0.3
0,8362745,69.6,162,0.01,39.9,10,0,94,97,114.45919,6.88,97,3.6,0.2
0,385,77.6,65,0.01,24.1,0,0,99,99,6541.7465,9.16,99,13.8,0.1
0,811223,67.7,221,2.05,5.2,0,0,91,98,276.1338,3.87,9,4.3,0.1
1,442978,76.3,19,12.21,6,0,2,96,97,14157.14416,8.18,96,1.7,0.1
0,377782,77.3,121,6.9,54.9,1,4,91,87,927.723171,7.5,87,2,0.1
0,2923896,68.4,225,0.01,51.5,1,0,99,99,4181.583321,4.73,99,2.2,0.1
0,64162,66,259,0.16,2.1,2,0,75,75,72.759313,4.93,75,7.3,0.1
0,454896,71,198,8.44,6.1,4,0,72,46,429.71554,7.67,76,2.3,0.2
0,1161977719,64.8,28,1.37,13.9,1500,64185,66,6,792.259698,4.25,65,27.1,0.3
0,4286291,61.1,258,0.01,26.1,9,0,75,76,454.1222236,9.25,76,6.8,1.1
0,657,79.3,74,2.47,59.2,1,2,91,98,18431.15696,7.49,9,1.1,0.1
0,645872,48.1,424,3.84,21.7,27,1089,84,86,45.128418,1.32,86,8.3,1.6
0,1425221,55.3,293,4.58,15.1,46,12,93,89,475.11122,6.63,89,9.8,1.7
0,1186873,71,177,4.6,25.3,0,0,88,88,3861.32414,3.78,88,8.1,0.1
1,179973,79.5,87,10.47,61.3,0,98,99,98,48424.58927,9.6,99,0.8,0.1
1,456155,86,68,11.88,58.9,0,443,94,46,48538.58776,8.76,94,0.3,0.1
0,283277,69,191,6.25,43.8,0,0,96,96,3933.332215,4.45,96,3.6,0.8
0,2883167,58.8,279,0.01,16.7,74,1989,66,66,553.32894,9.2,66,18.4,0.1
0,1556524,57.3,297,0.18,2.3,29,264,6,57,436.6895539,3.85,57,8.4,2.3
0,1282837,76.3,123,5.29,61.5,33,0,99,99,982.532572,6.21,99,1.6,0.1
1,2177322,71.9,199,11.84,58.1,0,3,94,93,16348.53121,6.63,94,2.3,0.1
0,14885814,69.1,147,0.01,14,144,2660,96,96,615.7775411,2.85,96,19.3,0.1
0,6165372,46.2,441,3.91,2.7,29,44,75,77,46.3759178,1.29,77,8.7,1.9
0,817195,67.8,146,0.55,43.1,7,4353,8,5,763.73858,4.47,76,3.1,0.1
0,5882796,72.3,161,5.61,43.5,3,0,98,92,189.71539,6.43,98,2.2,0.2
0,547928,71.4,178,6.32,57.7,0,0,85,85,9564.46383,5.69,85,3.5,0.4
0,1321618,71,183,6.37,41.1,0,0,9,9,1458.8796,6.47,9,6,0.2
0,88936,74,113,0.41,64.8,4,20,98,98,466.94775,7.45,98,3.9,0.1
0,76569,62.2,241,0.12,22.1,2,3,85,83,829.7586885,6.1,83,7,0.2
0,37525,55.3,388,1.76,16.9,68,1847,77,8,697.66385,4.24,8,8.5,10.3
0,2556765,67.2,183,1.54,36.4,25,85,99,99,396.129969,5.17,98,3.3,0.3
0,3485,76.8,117,5.82,62.9,0,0,94,94,16881.2568,8.68,94,1.5,0.1
0,619428,75.3,115,6.56,59.1,0,5,93,9,6682.281158,6.9,94,2,0.1
0,29512368,69.5,15,0.46,46.5,25,6000,94,92,1413.757176,5.31,94,6.6,0.1
0,14138216,55.5,278,0.57,19.6,55,98,74,74,689.6784228,6.74,74,9.2,1.6
0,49175848,67.5,257,4.49,54.8,6,817,99,4,635.789635,5.59,99,3,0.7
0,889216,74.5,149,2.87,5.2,3,0,97,97,2242.711912,8.72,97,2.1,0.3
0,112514,47.8,564,5.53,28.2,3,0,88,93,2937.36723,6.81,87,6.9,43.7
0,647117,72.7,157,6.14,44.9,3,0,85,87,359.992184,7.6,89,2.1,0.1
0,137286,75,192,2.4,45.2,13,0,85,85,2489.955836,6.86,85,1.3,0.4
0,146,72.2,151,1.8,68.6,0,0,91,9,2284.37858,4.87,9,0.1,0.1
0,5535595,72.5,125,0.54,57,4,21,95,95,261.456882,9.5,95,3.9,0.1
0,1641848,72.6,136,1.41,43.9,10,146,86,79,1177.629268,4.92,84,6.8,0.1
0,4382389,75.4,126,8.41,58.6,10,0,94,9,8953.359275,6.66,93,1,0.1
1,8268641,79.8,81,12.4,53.2,0,23,83,83,443.99361,1.35,83,1.7,0.1
1,427364,81.4,55,8.49,69.2,0,0,99,9,2618.92599,9.75,99,0.8,0.1
0,3811528,59.2,277,3.75,24,10,6,84,64,33.667491,14.39,81,7.6,2.1
0,5867626,69,218,2.79,45.3,4,0,98,99,2238.4116,8.17,99,2.1,0.4
0,135738,75.6,88,5.79,3.9,185,26883,99,99,777.77594,5.39,99,3.8,0.1
0,29237,58,434,1.23,18.5,80,12598,71,75,369.1545359,6.87,8,3.9,16.2
0,5379328,71.2,194,3.7,46.4,3,0,87,86,1175.116225,6.11,86,2,0.3
0,16571216,58.6,271,4.75,17.7,41,7362,9,9,673.8227,5.33,9,8.6,0.8
1,212647,74.1,161,10.37,6.2,0,0,94,94,1532.22924,5.67,94,2.2,0.1
0,2729431,58.1,287,0.03,15.7,80,1599,64,64,373.3611163,8.33,64,18.8,0.1
0,3839379,74.1,137,7.62,55.7,11,0,95,73,333.4376,8.22,96,1.2,0.1
0,377,77.3,67,1.92,23.1,0,0,96,96,6497.55443,8.11,96,13.9,0.1
0,45312937,56,429,7.38,4.9,52,1166,71,72,2681.781,8.31,71,15.4,24
0,96311,65,211,0.68,73.4,0,0,93,96,1357.632211,13.66,94,0.2,0.1
0,13829177,54.3,32,4.73,14.6,47,125,94,76,422.6332374,6.58,86,1,2
0,16613,65.7,24,0.01,76.2,0,0,92,94,1763.815497,1.37,94,0.1,0.1
0,48846474,64.2,22,0.28,17,61,760,82,75,296.97284,1.78,82,13.2,0.6
0,33736494,65,263,0.01,19.1,62,1154,6,65,584.25921,8.16,65,17.2,0.1
0,89949,72.9,172,0.01,35.5,0,0,98,99,15687.34795,3.58,98,5.7,0.1
0,855646,74.1,151,3.11,48.4,4,0,97,97,2178.38325,9.78,97,2.2,0.4
0,13569438,52.6,362,0.01,18.7,46,1275,44,37,125.998515,3.62,37,8.7,2.9
0,16577147,56.7,394,0.01,18.8,29,1,89,89,332.922339,1.96,89,6.5,6.3
0,795,67,234,0.21,18.8,1,7,96,96,1795.18137,6.58,96,17.1,0.4
0,11133861,49.6,394,0.45,16.4,46,63,3,17,929.772391,2.92,19,9.8,4.7
1,1362722,76.9,11,12.22,5.9,1,0,96,7,11729.14616,9.1,97,0.8,0.1
0,127856227,67.6,187,3.11,17.5,1000,13822,82,7,1452.195373,4.53,83,26.8,0.2
0,3643222,76.5,122,6.94,54.2,1,0,95,94,7937.259931,8.5,94,2,0.1
0,29373646,73.7,14,4.72,52.2,10,0,92,93,522.493191,5.3,93,1.1,0.2
0,669361,71.3,171,2.74,39.6,6,0,99,95,113.4546,6.88,96,2.7,1.6
0,3955889,75.2,127,7.75,57.5,11,0,92,84,5878.76127,6.68,91,1.1,0.1
0,17813,65.8,21,4.13,26.2,0,0,99,98,199.57146,6.65,98,6.3,0.9
0,237992,65.9,242,0.01,34.9,2,477,88,88,5421.343953,8.93,88,8.6,2.2
0,1354775,72.8,189,15.52,55.5,0,2,96,95,1338.31322,5.2,96,2.1,0.1
0,13926,69.7,187,6.37,39.3,0,0,9,89,1653.1844,4.82,88,6.1,0.7
1,497783,83,76,11.42,58.8,0,0,96,95,13198.6693,8.11,99,0.9,0.1
0,7349455,74.5,114,1.53,62.8,20,111,97,96,11341.13395,5.29,97,4.9,0.1
0,595962,68.9,219,2.88,46.2,4,2,94,75,2338.772244,8.2,92,2.1,0.4
1,82534176,78.5,9,11.92,56.6,3,779,96,9,3359.95215,1.62,97,1.1,0.1
0,1144118674,64.4,211,1.27,13.5,1500,36711,65,8,77.819,4.28,65,27.2,0.3
0,1779953,46,699,6.41,31.1,2,7,97,88,355.618382,6.47,97,11.4,34.6
0,1772723,59,27,4.64,18.2,40,375,89,88,699.452847,5.91,88,8.4,0.7
0,136255,72.3,195,15.07,55.2,0,0,95,9,885.465115,5.13,94,2.2,0.1
0,187665,73,139,2.15,72.9,0,0,6,58,3942.9827,5.8,65,0.2,0.1
0,27689,68.7,197,6.2,43.2,0,0,97,97,3831.53819,4.39,97,3.6,0.8
0,43646629,62.1,263,1.81,2.1,59,0,94,94,1155.2582,5.49,94,8,3
0,672228,65.8,245,0.29,17.4,1,2,96,95,1335.45696,5.27,95,17.5,0.3
0,956953,69.8,226,14.22,57.7,1,1,9,91,4735.484827,6.44,95,2.2,0.1
0,96866642,68.1,217,5.02,23.7,56,1536,88,88,2581.818554,4.46,88,1,0.1
0,11251266,65,242,0.33,19.5,23,0,84,84,773.8698713,5.35,84,11.4,0.7
1,2287955,78,29,8.24,56.3,0,0,98,98,5134.95694,6.15,98,2.6,0.1
0,615417,45.3,45,3.86,2.2,29,0,63,63,358.8274716,1.12,64,8.9,2.2
0,124723629,66.8,193,3,16.4,1100,33634,79,44,1461.671957,4.33,82,26.9,0.2
0,1453684,68.2,152,0.01,13,164,6192,95,86,494.51466,2.8,94,19.7,0.1
0,31995,80,77,7.8,6.6,2,7,91,14,31979.87195,9.56,91,0.5,0.1
0,27328,67.9,184,2.36,39.3,22,2,98,91,182.28625,5.92,98,3.1,0.3
0,49171586,64.5,217,0.26,17.6,58,1088,84,85,41.451,1.68,86,13.2,0.6
1,1141,78.6,65,13.03,54.8,0,0,98,88,23932.49128,6.42,98,0.9,0.1
0,196796269,73.8,154,7.52,52,54,68,99,96,11224.1548,8.27,99,2.9,0.1
0,22846758,53.2,45,1.48,19.7,72,4,74,75,53.127719,4.91,75,3.7,12.6
0,9465997,71.7,23,14.66,61.1,0,16,98,98,7978.825443,6.7,98,2,0.1
0,6611692,48.9,418,3.78,22.2,26,1865,88,89,445.525,11.98,89,8.1,1.3
0,1382517,55.7,45,2.12,19.7,31,140,9,87,1369.68249,4.87,87,6.8,11.9
0,723499,74.6,127,9.56,57.7,1,370,94,94,6423.291783,9.72,94,2.2,0.1
0,86956,72.2,184,6.33,31.8,0,0,99,99,11122.8627,2.64,99,5.9,0.1
1,678914,82.5,57,7.56,63.1,2,0,95,95,35396.66517,9.25,95,0.6,0.1
0,61525,73.8,13,5.38,56.5,0,0,9,9,4383.59597,8.1,9,2.2,0.1
0,1514729,64.6,294,6.94,46.3,8,16118,99,94,3771.278957,4.7,98,2.4,0.1
1,3499536,71.6,2,9.87,56.9,0,19,92,98,3297.35471,6.46,94,3.4,0.1
0,14951,73,138,0.01,73.8,0,0,79,77,451.542462,4.51,77,0.1,0.1
1,1457295,86,79,10,6.2,0,1,98,98,21618.73534,9.55,98,0.7,0.1
0,149918,64.4,282,6.58,45.3,8,24,99,99,268.123657,3.7,99,2.5,0.1
0,96186,58.6,33,0.01,17.6,22,0,96,96,282.7555252,8.3,96,7.4,1
0,14274235,67.5,278,12.04,56.6,16,27,98,98,11635.2637,6.22,98,2.3,0.3
0,241871,71.2,141,0.85,49.9,0,0,65,63,3275.91684,3.85,65,1.5,0.1
1,4567864,79.1,86,11.12,57.6,2,152,95,77,14676.769,7.21,95,0.6,0.1
0,868346,52,48,6.66,14.5,29,1064,96,96,212.6619491,6.34,96,7,8.1
0,13372,73.9,99,2.92,24.1,332,124219,87,84,1753.4178,4.66,87,5,0.1
0,14447562,74.6,139,3.76,49.3,7,1,94,93,4274.95265,5.66,96,1.3,0.1
0,6164626,72,191,2.36,52.8,2,0,89,89,3474.392445,6.91,89,1.7,0.3
0,13676693,65,24,2.08,14.8,16,394,82,82,631.675789,3.75,82,11.3,0.9
0,4781295,67.6,256,5.92,55.7,6,411,99,77,148.522488,6.93,97,2.8,0.9
1,7837161,71.8,157,10.2,58.1,1,0,94,88,287.534843,7.41,93,2.4,0.1
